<?xml version="1.0" encoding="UTF-8"?>
<project-private xmlns="http://www.netbeans.org/ns/project-private/1">
    <editor-bookmarks xmlns="http://www.netbeans.org/ns/editor-bookmarks/2" lastBookmarkId="0"/>
    <open-files xmlns="http://www.netbeans.org/ns/projectui-open-files/2">
        <group>
            <file>file:/C:/Users/Deep%20Karmur/Documents/NetBeansProjects/ExamManagementSystem2/src/exammanagementsystem2/ExamManagementSystem2.java</file>
            <file>file:/C:/Users/Deep%20Karmur/Documents/NetBeansProjects/ExamManagementSystem2/src/quizExamStudent.java</file>
            <file>file:/C:/Users/Deep%20Karmur/Documents/NetBeansProjects/ExamManagementSystem2/src/JOptioPane.java</file>
            <file>file:/C:/Users/Deep%20Karmur/Documents/NetBeansProjects/ExamManagementSystem2/src/adminHome.java</file>
            <file>file:/C:/Users/Deep%20Karmur/Documents/NetBeansProjects/ExamManagementSystem2/src/Project/ConnectionProvider.java</file>
            <file>file:/C:/Users/Deep%20Karmur/Documents/NetBeansProjects/ExamManagementSystem2/src/successfullySubmitted.java</file>
            <file>file:/C:/Users/Deep%20Karmur/Documents/NetBeansProjects/ExamManagementSystem2/src/addNewQuestion.java</file>
            <file>file:/C:/Users/Deep%20Karmur/Documents/NetBeansProjects/ExamManagementSystem2/src/index.java</file>
            <file>file:/C:/Users/Deep%20Karmur/Documents/NetBeansProjects/ExamManagementSystem2/src/allQuestion.java</file>
            <file>file:/C:/Users/Deep%20Karmur/Documents/NetBeansProjects/ExamManagementSystem2/src/Jframe.java</file>
            <file>file:/C:/Users/Deep%20Karmur/Documents/NetBeansProjects/ExamManagementSystem2/src/studentDetails.java</file>
            <file>file:/C:/Users/Deep%20Karmur/Documents/NetBeansProjects/ExamManagementSystem2/src/allStudentResult.java</file>
            <file>file:/C:/Users/Deep%20Karmur/Documents/NetBeansProjects/ExamManagementSystem2/src/updateQuestion.java</file>
            <file>file:/C:/Users/Deep%20Karmur/Documents/NetBeansProjects/ExamManagementSystem2/src/deleteQuestion.java</file>
            <file>file:/C:/Users/Deep%20Karmur/Documents/NetBeansProjects/ExamManagementSystem2/src/loginAdmin.java</file>
            <file>file:/C:/Users/Deep%20Karmur/Documents/NetBeansProjects/ExamManagementSystem2/src/instructionStudent.java</file>
        </group>
    </open-files>
</project-private>
